"species_harmonized","usageKey"
"Tharyx acutus","GBIF:2323964"
"Pandion haliaetus","GBIF:2480726"
"Aechmophorus occidentalis","GBIF:2482033"
"Tachycineta thalassina","GBIF:5230754"
"Podarkeopsis levifuscina","GBIF:2309041"
"Cathartes aura","GBIF:2481930"
"Philomachus pugnax","GBIF:5229387"
"Heteromastus filiformis","GBIF:5197090"
"Ameritella agilis","GBIF:8798480"
"Troglodytes aedon","GBIF:5231459"
"Bubo virginianus","GBIF:5959118"
"Metridia longa","GBIF:2114824"
"Lymnocryptes minimus","GBIF:2481835"
"Broscus cephalotes","GBIF:4308815"
"Hydroprogne caspia","GBIF:2481236"
"Tringa erythropus","GBIF:2481725"
"Amara apricaria","GBIF:1035231"
"Accipiter striatus","GBIF:9740253"
"Lullula arborea","GBIF:2490604"
"Plegadis falcinellus","GBIF:2480773"
"Cygnus cygnus","GBIF:2498347"
"Chlidonias niger","GBIF:2481119"
"Ditylum brightwellii","GBIF:3193746"
"Hesperia comma","GBIF:5142282"
"Amara lunicollis","GBIF:1035167"
"Limosa limosa","GBIF:2481685"
"Caprimulgus europaeus","GBIF:8109681"
"Loxia pytyopsittacus","GBIF:2494154"
"Gymnorhinus cyanocephalus","GBIF:5229498"
"Aeronautes saxatalis","GBIF:2477108"
"Buteo lagopus","GBIF:2480524"
"Pooecetes gramineus","GBIF:2491728"
"Paradromius linearis","GBIF:4480302"
"Tringa totanus","GBIF:2481714"
"Patrobus atrorufus","GBIF:4475902"
"Dicheirotrichus placidus","GBIF:4475761"
"Setophaga nigrescens","GBIF:7341770"
"Emberiza pusilla","GBIF:2491544"
"Cottunculus microps","GBIF:2334890"
"Numenius phaeopus","GBIF:2481784"
"Buteo buteo","GBIF:2480537"
"Empidonax occidentalis","GBIF:2482805"
"Eualus gaimardii","GBIF:2226509"
"Poecile cinctus","GBIF:2487862"
"Bombus hypnorum","GBIF:1340513"
"Tholera cespitis","GBIF:1771531"
"Acrocephalus schoenobaenus","GBIF:2493129"
"Harpalus latus","GBIF:8711380"
"Xanthocephalus xanthocephalus","GBIF:2484195"
"Pterostichus madidus","GBIF:7641814"
"Setophaga ruticilla","GBIF:2489985"
"Lagopus lagopus","GBIF:2473421"
"Gavia stellata","GBIF:2481958"
"Anthocharis cardamines","GBIF:1919712"
"Bembidion minimum","GBIF:4308806"
"Polioptila caerulea","GBIF:2487596"
"Eucampia zodiacus","GBIF:3192094"
"Poecile palustris","GBIF:2487843"
"Bucephala clangula","GBIF:2498326"
"Perisoreus infaustus","GBIF:2482449"
"Dendrocygna autumnalis","GBIF:2498393"
"Agrotis clavis","GBIF:1770790"
"Corvus corax","GBIF:2482492"
"Pandalus montagui","GBIF:2222367"
"Larus fuscus","GBIF:2481174"
"Cuculus canorus","GBIF:5231918"
"Columba livia","GBIF:2495414"
"Epinephelus aeneus","GBIF:2388415"
"Grus grus","GBIF:2474950"
"Harpalus rufipalpis","GBIF:5873211"
"Ammodramus henslowii","GBIF:2491119"
"Notiophilus substriatus","GBIF:11017128"
"Chroicocephalus philadelphia","GBIF:6065818"
"Coloeus monedula","GBIF:6100954"
"Acer pensylvanicum","GBIF:3189836"
"Fringilla montifringilla","GBIF:2494441"
"Passerella iliaca","GBIF:2491872"
"Saxicola rubetra","GBIF:2492521"
"Melanitta nigra","GBIF:2498247"
"Pleuromamma gracilis gracilis","GBIF:10898477"
"Oligia latruncula","GBIF:1766410"
"Molothrus ater","GBIF:2484391"
"Delichon urbicum","GBIF:2489214"
"Cardellina pusilla","GBIF:7341606"
"Phylloscopus trochiloides","GBIF:2493084"
"Actitis hypoleucos","GBIF:2481800"
"Cygnus olor","GBIF:2498343"
"Hirundo rustica","GBIF:9515886"
"Carabus violaceus","GBIF:4470765"
"Peucaea aestivalis","GBIF:7341544"
"Turdus torquatus","GBIF:7865305"
"Nycticorax nycticorax","GBIF:2480863"
"Ophiura albida","GBIF:2277002"
"Scyliorhinus canicula","GBIF:2418684"
"Olisthopus rotundatus","GBIF:4473974"
"Picoides tridactylus","GBIF:2477804"
"Falco columbarius","GBIF:9813242"
"Passer domesticus","GBIF:5231190"
"Asio flammeus","GBIF:2497295"
"Sturnus vulgaris","GBIF:9809229"
"Polydora cornuta","GBIF:5197747"
"Pterostichus melanarius","GBIF:7856746"
"Xestia ditrapezium","GBIF:5772349"
"Agonus cataphractus","GBIF:2337248"
"Synuchus vivalis","GBIF:4474653"
"Leistus terminatus","GBIF:4473874"
"Anser albifrons","GBIF:2498017"
"Bubulcus ibis","GBIF:2480830"
"Ardea cinerea","GBIF:9797180"
"Apus apus","GBIF:5228676"
"Podilymbus podiceps","GBIF:2482077"
"Stelgidopteryx serripennis","GBIF:2489202"
"Ficedula hypoleuca","GBIF:2492606"
"Alauda arvensis","GBIF:8077224"
"Hylocichla mustelina","GBIF:2490872"
"Clangula hyemalis","GBIF:2498273"
"Tringa nebularia","GBIF:2481726"
"Sterna hirundo","GBIF:9367409"
"Pipilo erythrophthalmus","GBIF:2491205"
"Pipiza noctiluca","GBIF:1536342"
"Anas crecca","GBIF:8214667"
"Riparia riparia","GBIF:2489160"
"Pelecanus erythrorhynchos","GBIF:5229155"
"Falco peregrinus","GBIF:2481047"
"Tachycineta bicolor","GBIF:2489181"
"Ardea herodias","GBIF:9630752"
"Clostera pigra","GBIF:1822819"
"Glaucidium passerinum","GBIF:5232162"
"Bombycilla garrulus","GBIF:2484605"
"Stenotomus chrysops","GBIF:2392447"
"Leucoraja ocellata","GBIF:2419886"
"Tetrao urogallus","GBIF:2473577"
"Oenanthe oenanthe","GBIF:5231240"
"Pluvialis apricaria","GBIF:2480332"
"Oriolus oriolus","GBIF:2488949"
"Harpalus affinis","GBIF:9750962"
"Emberiza hortulana","GBIF:2491482"
"Serinus serinus","GBIF:2494200"
"Gallinula chloropus","GBIF:5228199"
"Leistus rufomarginatus","GBIF:4473930"
"Dyschirius salinus","GBIF:5716406"
"Streptopelia turtur","GBIF:2495708"
"Zenaida asiatica","GBIF:2495370"
"Melanerpes erythrocephalus","GBIF:2478130"
"Chloroscombrus chrysurus","GBIF:2391079"
"Amphispiza bilineata","GBIF:2491757"
"Acer saccharum","GBIF:3189859"
"Zonotrichia leucophrys","GBIF:5231132"
"Calidris alba","GBIF:2481748"
"Podiceps nigricollis","GBIF:2482065"
"Bembidion aeneum","GBIF:4308804"
"Dendrocopos major","GBIF:2477968"
"Accipiter nisus","GBIF:2480637"
"Carduelis carduelis","GBIF:2494686"
"Thalassarche chrysostoma","GBIF:2481408"
"Phoenicurus phoenicurus","GBIF:5739317"
"Tringa melanoleuca","GBIF:2481720"
"Cygnus columbianus","GBIF:2498338"
"Harpalus rufipes","GBIF:9198953"
"Chroicocephalus ridibundus","GBIF:6065824"
"Digitalis purpurea","GBIF:5414995"
"Pungitius pungitius","GBIF:5739510"
"Troglodytes troglodytes","GBIF:5231438"
"Achelous spinimanus","GBIF:5863626"
"Erynnis tages","GBIF:8270406"
"Agonum marginatum","GBIF:5755011"
"Tripos lineatus","GBIF:7419343"
"Sebastes proriger","GBIF:2335489"
"Larus argentatus","GBIF:2481139"
"Cistothorus platensis","GBIF:2493890"
"Ahnfeltia plicata","GBIF:2663815"
"Lycodes palearis","GBIF:5209395"
"Dendrocopos leucotos","GBIF:2477927"
"Surnia ulula","GBIF:2497894"
"Corvus frugilegus","GBIF:2482513"
"Cardinalis cardinalis","GBIF:2490384"
"Sebastes brevispinis","GBIF:2335560"
"Jodis lactearia","GBIF:1978065"
"Regulus calendula","GBIF:2484597"
"Icterus galbula","GBIF:2484340"
"Ophonus rufibarbis","GBIF:4475140"
"Bubo bubo","GBIF:5959092"
"Loxia leucoptera","GBIF:8144830"
"Spinus pinus","GBIF:5231635"
"Setophaga striata","GBIF:6092935"
"Calamospiza melanocorys","GBIF:2491893"
"Spizella passerina","GBIF:2492109"
"Agrochola helvola","GBIF:1790002"
"Turdus pilaris","GBIF:2490737"
"Tympanuchus phasianellus","GBIF:2473514"
"Oceanites oceanicus","GBIF:5229419"
"Larus marinus","GBIF:2481172"
"Loxia curvirostra","GBIF:9629160"
"Amara eurynota","GBIF:4472858"
"Motacilla flava","GBIF:9701857"
"Larus californicus","GBIF:2481146"
"Aythya marila","GBIF:2498265"
"Solea solea","GBIF:5214139"
"Calidris minutilla","GBIF:2481745"
"Conistra ligula","GBIF:1768729"
"Helicolenus dactylopterus","GBIF:4286361"
"Doryteuthis pealeii","GBIF:5855960"
"Xanthorhoe ferrugata","GBIF:1986171"
"Pseudoips prasinana","GBIF:1802280"
"Rhizosolenia styliformis","GBIF:5421984"
"Pseudo nitzschia seriata","GBIF:2628775"
"Turdus philomelos","GBIF:7901064"
"Agelaius phoeniceus","GBIF:9409198"
"Ectropis crepuscularia","GBIF:1980783"
"Sayornis phoebe","GBIF:2483606"
"Pelurga comitata","GBIF:5148286"
"Lasiommata megera","GBIF:4535632"
"Spizella breweri","GBIF:2492099"
"Pipilo chlorurus","GBIF:2491276"
"Fabriciana adippe","GBIF:7809779"
"Phalacrocorax carbo","GBIF:2481890"
"Poecile hudsonicus","GBIF:2487793"
"Sylvia communis","GBIF:2492943"
"Myoxocephalus scorpius","GBIF:2333785"
"Pica nuttalli","GBIF:5229489"
"Anas acuta","GBIF:2498112"
"Diastylis bradyi","GBIF:2214508"
"Saurida brasiliensis","GBIF:2401157"
"Bifurcaria bifurcata","GBIF:3197821"
"Motacilla alba","GBIF:9687165"
"Ammodramus savannarum","GBIF:2491123"
"Carabus nemoralis","GBIF:8056040"
"Fagus grandifolia","GBIF:2882274"
"Agrochola lychnidis","GBIF:4533115"
"Oreortyx pictus","GBIF:2474320"
"Bradycellus ruficollis","GBIF:5755986"
"Paraeuchaeta hebes","GBIF:2114404"
"Parophrys vetulus","GBIF:2409370"
"Phylloscopus trochilus","GBIF:2493052"
"Rhagium mordax","GBIF:9128025"
"Dicheirotrichus gustavii","GBIF:4308789"
"Athene cunicularia","GBIF:2497240"
"Sterna paradisaea","GBIF:5229230"
"Certhia familiaris","GBIF:2487603"
"Calcarius lapponicus","GBIF:2491678"
"Charadrius vociferus","GBIF:2480320"
"Anas americana","GBIF:2498154"
"Gallinago gallinago","GBIF:2481819"
"Columba oenas","GBIF:2495471"
"Plagodis pulveraria","GBIF:1959919"
"Hippolais icterina","GBIF:2493220"
"Varicorbula gibba","GBIF:2288891"
"Melanerpes aurifrons","GBIF:2478081"
"Milvus migrans","GBIF:5229167"
"Nephtys cirrosa","GBIF:2316920"
"Aspidophoroides monopterygius","GBIF:2337193"
"Doryteuthis opalescens","GBIF:5855962"
"Geococcyx californianus","GBIF:2496459"
"Lycaena phlaeas","GBIF:1929697"
"Alosa aestivalis","GBIF:2412708"
"Anthus pratensis","GBIF:2490266"
"Anas platyrhynchos","GBIF:9761484"
"Desmarestia aculeata","GBIF:5423373"
"Amara familiaris","GBIF:1035195"
"Stomis pumicatus","GBIF:4473297"
"Tadorna tadorna","GBIF:2498009"
"Accipiter cooperii","GBIF:2480621"
"Scophthalmus aquosus","GBIF:2409401"
"Pyrrhula pyrrhula","GBIF:2494543"
"Catharus guttatus","GBIF:2490810"
"Circus cyaneus","GBIF:2480487"
"Sylvia curruca","GBIF:2492960"
"Phylloscopus collybita","GBIF:2493091"
"Regulus regulus","GBIF:2484596"
"Peribatodes rhomboidaria","GBIF:1957572"
"Cyanistes caeruleus","GBIF:2487879"
"Pandalus platyceros","GBIF:2222359"
"Pseudopleuronectes americanus","GBIF:2409062"
"Haliaeetus leucocephalus","GBIF:2480446"
"Spiophanes kroyeri","GBIF:2321061"
"Pica pica","GBIF:5229490"
"Asio otus","GBIF:2497306"
"Cinclus cinclus","GBIF:2495093"
"Lophophanes cristatus","GBIF:2487883"
"Turdus merula","GBIF:2490719"
"Bradycellus harpalinus","GBIF:1035434"
"Picea abies","GBIF:5284884"
"Passerculus sandwichensis","GBIF:5231142"
"Sylvia borin","GBIF:2492942"
"Mediomastus ambiseta","GBIF:2318053"
"Petrochelidon pyrrhonota","GBIF:2489169"
"Agriopis leucophaearia","GBIF:5769062"
"Calathus cinctus","GBIF:5755322"
"Bembidion obtusum","GBIF:1036192"
"Certhia americana","GBIF:9581157"
"Larus hyperboreus","GBIF:2481127"
"Glyptocephalus zachirus","GBIF:5214001"
"Carabus granulatus","GBIF:1036789"
"Columba palumbus","GBIF:2495455"
"Abra alba","GBIF:5189061"
"Larus canus","GBIF:7982160"
"Scolopax rusticola","GBIF:2481700"
"Thalpophila matura","GBIF:5110213"
"Passer montanus","GBIF:5231198"
"Cicindela campestris","GBIF:4480485"
"Falco sparverius","GBIF:9685907"
"Dryobates scalaris","GBIF:8959883"
"Gavia immer","GBIF:2481962"
"Myiarchus crinitus","GBIF:2483597"
"Pandalus borealis","GBIF:2222355"
"Muscicapa striata","GBIF:2492576"
"Clivina fossor","GBIF:1036893"
"Lanius ludovicianus","GBIF:2492870"
"Poecile montanus","GBIF:2487866"
"Ammodramus maritimus","GBIF:2491095"
"Passerina cyanea","GBIF:2490327"
"Actitis macularius","GBIF:2481798"
"Thalassionema nitzschioides","GBIF:7929281"
"Catarhoe rubidata","GBIF:1964191"
"Caradrina morpheus","GBIF:1765011"
"Leistus ferrugineus","GBIF:4473860"
"Trechus obtusus","GBIF:1037319"
"Plectrophenax nivalis","GBIF:2491719"
"Ammodramus leconteii","GBIF:2491080"
"Halieutichthys aculeatus","GBIF:2415008"
"Himantopus mexicanus","GBIF:5229128"
"Mulinia lateralis","GBIF:2286388"
"Luperina testacea","GBIF:1770307"
"Streblospio benedicti","GBIF:2321343"
"Cybosia mesomella","GBIF:1804906"
"Paradarisa consonaria","GBIF:1967597"
"Mythimna turca","GBIF:1767655"
"Tringa glareola","GBIF:2481713"
"Numenius americanus","GBIF:2481794"
"Boreogadus saida","GBIF:2415752"
"Plemyria rubiginata","GBIF:5146412"
"Chondestes grammacus","GBIF:2491651"
"Bembidion properans","GBIF:1036203"
"Setophaga virens","GBIF:6092631"
"Larus delawarensis","GBIF:2481134"
"Hippoglossoides elassodon","GBIF:2409109"
"Periparus ater","GBIF:2487871"
"Botaurus stellaris","GBIF:2480910"
"Plagiothecium curvifolium","GBIF:5283485"
"Nebria salina","GBIF:4473795"
"Thryomanes bewickii","GBIF:2493843"
"Lycodes reticulatus","GBIF:8406566"
"Anthus rubescens","GBIF:2490263"
"Mergellus albellus","GBIF:2498285"
"Alosa pseudoharengus","GBIF:2412740"
"Brosme brosme","GBIF:2415505"
"Mimus polyglottos","GBIF:5231677"
"Spizella pusilla","GBIF:2492096"
"Selenia tetralunaria","GBIF:1962265"
"Atethmia centrago","GBIF:1759153"
"Setophaga cerulea","GBIF:6093350"
"Metridia lucens","GBIF:11082687"
"Gavia arctica","GBIF:2481959"
"Argynnis paphia","GBIF:1909398"
"Phalaropus lobatus","GBIF:5739290"
"Accipiter gentilis","GBIF:2480589"
"Chionoecetes bairdi","GBIF:2226642"
"Microlestes maurus","GBIF:5873271"
"Falco tinnunculus","GBIF:9616058"
"Alca torda","GBIF:8277073"
"Cepphus grylle","GBIF:2481312"
"Somateria mollissima","GBIF:2498352"
"Scoliopteryx libatrix","GBIF:1798449"
"Limnodromus scolopaceus","GBIF:2481670"
"Hydrolagus colliei","GBIF:5215461"
"Bucephala islandica","GBIF:2498325"
"Urothoe poseidonis","GBIF:2216086"
"Anarta trifolii","GBIF:4534166"
"Larentia clavaria","GBIF:1957266"
"Gadus chalcogrammus","GBIF:2415769"
"Pyrgus malvae","GBIF:8109173"
"Coccothraustes coccothraustes","GBIF:2494329"
"Myiarchus cinerascens","GBIF:2483600"
"Lanius collurio","GBIF:7745240"
"Squalus acanthias","GBIF:5216368"
"Sicyonia dorsalis","GBIF:2223222"
"Menticirrhus saxatilis","GBIF:2400079"
"Potamogeton pusillus","GBIF:8351789"
"Branta canadensis","GBIF:5232437"
"Columbina inca","GBIF:2495863"
"Bembidion biguttatum","GBIF:10216621"
"Vireo griseus","GBIF:2487413"
"Nephtys caeca","GBIF:2317037"
"Catharus ustulatus","GBIF:2490821"
"Pandalus dispar","GBIF:2222443"
"Notiophilus rufipes","GBIF:5023058"
"Fucus vesiculosus","GBIF:8222574"
"Clupea pallasii","GBIF:4284072"
"Podiceps grisegena","GBIF:2482051"
"Platichthys stellatus","GBIF:2409327"
"Sayornis nigricans","GBIF:2483612"
"Bembidion quadrimaculatum","GBIF:1036128"
"Tripos muelleri","GBIF:7386780"
"Centaurium erythraea","GBIF:5414457"
"Strix aluco","GBIF:9282206"
"Pogonatum urnigerum","GBIF:2682986"
"Polioptila melanura","GBIF:2487586"
"Buteo jamaicensis","GBIF:2480542"
"Philereme transversata","GBIF:1959395"
"Sthenelais limicola","GBIF:2313008"
"Piranga olivacea","GBIF:2488517"
"Parus major","GBIF:9705453"
"Vanellus vanellus","GBIF:2480242"
"Peprilus triacanthus","GBIF:2397711"
"Platichthys flesus","GBIF:2409330"
"Sialia currucoides","GBIF:2490935"
"Leiothlypis celata","GBIF:8169649"
"Fulica atra","GBIF:2474377"
"Setophaga coronata","GBIF:7341805"
"Ligia oceanica","GBIF:5175631"
"Quiscalus quiscula","GBIF:2484155"
"Limosa fedoa","GBIF:2481684"
"Podothecus accipenserinus","GBIF:2337129"
"Thryothorus ludovicianus","GBIF:2493801"
"Pogonus chalceus","GBIF:5756374"
"Geothlypis trichas","GBIF:2489670"
"Pyrrhia umbra","GBIF:1779641"
"Agrotis segetum","GBIF:1771040"
"Triodia sylvina","GBIF:6097236"
"Ourapteryx sambucaria","GBIF:1958323"
"Charanyca trigrammica","GBIF:1778074"
"Tringa semipalmata","GBIF:5789298"
"Pterapherapteryx sexalata","GBIF:1978114"
"Dryocopus martius","GBIF:2477872"
"Charadrius alexandrinus","GBIF:2480311"
"Polia nebulosa","GBIF:1776330"
"Vireo flavifrons","GBIF:2487453"
"Falco subbuteo","GBIF:2481035"
"Baeolophus inornatus","GBIF:2487905"
"Rumex acetosella","GBIF:2888995"
"Amara aenea","GBIF:1035185"
"Toxostoma rufum","GBIF:9479809"
"Dryobates nuttallii","GBIF:9088491"
"Acanthis flammea","GBIF:5231630"
"Hemitripterus americanus","GBIF:7938309"
"Hippoglossoides platessoides","GBIF:2409104"
"Cyclophora albipunctata","GBIF:5149746"
"Auriparus flaviceps","GBIF:2487397"
"Synodus poeyi","GBIF:5212628"
"Pimephales notatus","GBIF:2367736"
"Calidris temminckii","GBIF:2481740"
"Motacilla cinerea","GBIF:2490310"
"Notropis heterolepis","GBIF:2362139"
"Agrotis cinerea","GBIF:1770869"
"Pieris rapae","GBIF:1920496"
"Somateria spectabilis","GBIF:2498350"
"Sylvia nisoria","GBIF:2492955"
"Pernis apivorus","GBIF:2480420"
"Carpodacus erythrinus","GBIF:2494459"
"Numenius arquata","GBIF:2481792"
"Garrulus glandarius","GBIF:5229493"
"Bombycilla cedrorum","GBIF:2484609"
"Porichthys notatus","GBIF:2350817"
"Nucifraga columbiana","GBIF:2482614"
"Luscinia luscinia","GBIF:2492542"
"Scomber scombrus","GBIF:2374149"
"Icteria virens","GBIF:2489989"
"Thalassarche melanophris","GBIF:2481410"
"Ipimorpha retusa","GBIF:1782615"
"Leistus fulvibarbis","GBIF:4473834"
"Pipilo maculatus","GBIF:9709230"
"Rhizosolenia hebetata","GBIF:5421939"
"Vireo gilvus","GBIF:2487446"
"Hydrelia sylvata","GBIF:5146342"
"Mesoligia furuncula","GBIF:1760104"
"Eupithecia centaureata","GBIF:1983525"
"Euphyia unangulata","GBIF:1965166"
"Turdus iliacus","GBIF:2490781"
"Homarus americanus","GBIF:5972004"
"Melospiza lincolnii","GBIF:2492192"
"Tsuga canadensis","GBIF:2687182"
"Mastocarpus stellatus","GBIF:2667288"
"Salpinctes obsoletus","GBIF:5231483"
"Geothlypis formosa","GBIF:6093586"
"Sicyonia brevirostris","GBIF:2223257"
"Apocheima hispidaria","GBIF:1961068"
"Setophaga townsendi","GBIF:6092651"
"Leiothlypis ruficapilla","GBIF:7531611"
"Poecile atricapillus","GBIF:2487805"
"Cyclophora annularia","GBIF:5149768"
"Spinus spinus","GBIF:6092830"
"Butorides virescens","GBIF:9539567"
"Cynoscion regalis","GBIF:2399985"
"Fringilla coelebs","GBIF:2494422"
"Anser fabalis","GBIF:2498027"
"Amara communis","GBIF:4472849"
"Agonum muelleri","GBIF:4988484"
"Amara plebeja","GBIF:4472828"
"Cardamine hirsuta","GBIF:3046258"
"Gadus macrocephalus","GBIF:2415853"
"Ictinia mississippiensis","GBIF:2480719"
"Diacrisia sannio","GBIF:4532544"
"Agrotis puta","GBIF:1770772"
"Procellaria aequinoctialis","GBIF:2481495"
"Dryobotodes eremita","GBIF:7775149"
"Lejogaster metallina","GBIF:1537380"
"Sturnella neglecta","GBIF:9596413"
"Trisopterus esmarkii","GBIF:2415923"
"Spiophanes bombyx","GBIF:2321057"
"Jynx torquilla","GBIF:8012314"
"Sayornis saya","GBIF:2483607"
"Amara similata","GBIF:4472913"
"Poecile carolinensis","GBIF:2487844"
"Calypte anna","GBIF:2476674"
"Metacarcinus magister","GBIF:5863764"
"Podiceps auritus","GBIF:2482059"
"Leptidea sinapis","GBIF:5137903"
"Hoplodrina blanda","GBIF:1784826"
"Apamea sublustris","GBIF:1795946"
"Bembidion lampros","GBIF:1036216"
"Anthus spragueii","GBIF:2490268"
"Contopus cooperi","GBIF:5229743"
"Lophius americanus","GBIF:2415069"
"Calidris maritima","GBIF:2481743"
"Haemorhous mexicanus","GBIF:8323485"
"Notemigonus crysoleucas","GBIF:2363714"
"Egretta thula","GBIF:2480873"
"Sebastes babcocki","GBIF:2335374"
"Tyrannus verticalis","GBIF:5229675"
"Lyrurus tetrix","GBIF:2473682"
"Streptopelia decaocto","GBIF:2495696"
"Porichthys plectrodon","GBIF:2350824"
"Spio filicornis","GBIF:5197861"
"Acer rubrum","GBIF:3189883"
"Tyria jacobaeae","GBIF:5115777"
"Rivula sericealis","GBIF:1769897"
"Mythimna pallens","GBIF:5772196"
"Melanitta perspicillata","GBIF:2498246"
"Lutjanus campechanus","GBIF:2384865"
"Gallinago delicata","GBIF:2481817"
"Molothrus aeneus","GBIF:2484404"
"Hypomecis roboraria","GBIF:4524636"
"Asthena albulata","GBIF:1987744"
"Oxypselaphus obscurus","GBIF:4474146"
"Setophaga dominica","GBIF:7341800"
"Alsophila aescularia","GBIF:5143947"
"Bathyporeia elegans","GBIF:2216112"
"Ardea alba","GBIF:9752617"
"Prionotus carolinus","GBIF:5201557"
"Centaurea nigra","GBIF:3128225"
"Poa annua","GBIF:2704179"
"Hypena rostralis","GBIF:1798594"
"Sphinx ligustri","GBIF:5124143"
"Scalibregma inflatum","GBIF:7815303"
"Clupea harengus","GBIF:8351946"
"Achelous gibbesii","GBIF:5974591"
"Ennomos alniaria","GBIF:1957845"
"Tilia americana","GBIF:3152042"
"Badister bullatus","GBIF:5756018"
"Thuja occidentalis","GBIF:2684178"
"Glyptocephalus cynoglossus","GBIF:5213996"
"Oligia strigilis","GBIF:7895336"
"Trochosa ruricola","GBIF:2145852"
"Walckenaeria atrotibialis","GBIF:2134829"
"Nudaria mundana","GBIF:5116416"
"Halidrys siliquosa","GBIF:5422716"
"Thaleichthys pacificus","GBIF:2410903"
"Callinectes similis","GBIF:2225642"
"Illex illecebrosus","GBIF:9558545"
"Axylia putris","GBIF:1761438"
"Myoxocephalus octodecemspinosus","GBIF:2333802"
"Oxalis acetosella","GBIF:8211958"
"Phoebetria palpebrata","GBIF:2481374"
"Sitta carolinensis","GBIF:2484892"
"Lolliguncula brevis","GBIF:2290362"
"Notiophilus aquaticus","GBIF:9796855"
"Cilix glaucata","GBIF:1951557"
"Pasiphila rectangulata","GBIF:4523885"
"Dicranum scoparium","GBIF:2675446"
"Eumicrotremus spinosus","GBIF:2336857"
"Euphagus cyanocephalus","GBIF:2484183"
"Calanus glacialis","GBIF:5166402"
"Gasterosteus aculeatus","GBIF:4286327"
"Eudorellopsis deformis","GBIF:2215600"
"Parantica sita","GBIF:1897664"
"Tetrastes bonasia","GBIF:2473663"
"Scopula marginepunctata","GBIF:5144900"
"Eupithecia subumbrata","GBIF:1982525"
"Cistothorus palustris","GBIF:2493863"
"Pollachius virens","GBIF:2415861"
"Trechus quadristriatus","GBIF:4476667"
"Gadus morhua","GBIF:8084280"
"Acrocephalus dumetorum","GBIF:2493145"
"Acrocephalus scirpaceus","GBIF:2493118"
"Festuca rubra","GBIF:2704922"
"Colinus virginianus","GBIF:9791464"
"Berryteuthis magister","GBIF:2290057"
"Plagiothecium denticulatum","GBIF:5283478"
"Macaria alternata","GBIF:5880545"
"Ennomos fuscantaria","GBIF:4524421"
"Ligdia adustata","GBIF:1962636"
"Horisme tersata","GBIF:1971888"
"Anthus trivialis","GBIF:2490246"
"Mallotus villosus","GBIF:5214420"
"Acrocephalus palustris","GBIF:2493136"
"Quercus macrocarpa","GBIF:2878213"
"Luscinia svecica","GBIF:4408732"
"Tholera decimalis","GBIF:1771509"
"Tallusia experta","GBIF:2138438"
"Phainopepla nitens","GBIF:2492885"
"Dumetella carolinensis","GBIF:2494936"
"Pinicola enucleator","GBIF:2494771"
"Stomias boa","GBIF:2346868"
"Eupithecia assimilata","GBIF:1982746"
"Dipturus laevis","GBIF:2420230"
"Daucus carota","GBIF:3034742"
"Coenobia rufa","GBIF:1775891"
"Amphipyra tragopoginis","GBIF:1766210"
"Tyrannus vociferans","GBIF:5229681"
"Acupalpus parvulus","GBIF:4475699"
"Malacosoma neustria","GBIF:5101745"
"Tetheella fluctuosa","GBIF:1951649"
"Dyschirius globosus","GBIF:5873524"
"Pterostichus minor","GBIF:7840196"
"Sturnella magna","GBIF:2484254"
"Morone saxatilis","GBIF:2394612"
"Phalaris arundinacea","GBIF:5289756"
"Spinus psaltria","GBIF:5231647"
"Icterus bullockii","GBIF:5229864"
"Dryobates pubescens","GBIF:9149595"
"Sebastes alutus","GBIF:2335557"
"Amblyraja radiata","GBIF:2420446"
"Herminia tarsipennalis","GBIF:5113234"
"Picus viridis","GBIF:2478523"
"Trachelipus rathkii","GBIF:2209087"
"Harpalus anxius","GBIF:5873220"
"Celastrina argiolus","GBIF:1925918"
"Cytisus scoparius","GBIF:5354656"
"Epirrita christyi","GBIF:4523556"
"Mythimna ferrago","GBIF:5772176"
"Idaea subsericeata","GBIF:5146837"
"Aythya collaris","GBIF:2498264"
"Quercus ellipsoidalis","GBIF:2879276"
"Cupido minimus","GBIF:1926260"
"Contopus virens","GBIF:5229734"
"Rhagium bifasciatum","GBIF:1149909"
"Fusitriton oregonensis","GBIF:2300808"
"Podiceps cristatus","GBIF:2482054"
"Populus tremuloides","GBIF:3040215"
"Synodus foetens","GBIF:5212651"
"Alosa sapidissima","GBIF:2412661"
"Hippoglossus stenolepis","GBIF:2409216"
"Bathyporeia guilliamsoniana","GBIF:2216108"
"Bembidion lunulatum","GBIF:5872111"
"Cosmia pyralina","GBIF:1769505"
"Burhinus oedicnemus","GBIF:2482100"
"Centropristis philadelphica","GBIF:2387479"
"Phasianus colchicus","GBIF:9752149"
"Larus glaucescens","GBIF:2481196"
"Notiophilus biguttatus","GBIF:9364935"
"Lanius excubitor","GBIF:9444556"
"Tringa stagnatilis","GBIF:2481719"
"Parkesia motacilla","GBIF:6093862"
"Acanthis hornemanni","GBIF:5231646"
"Stellaria media","GBIF:5384604"
"Luscinia megarhynchos","GBIF:7660710"
"Anoplopoma fimbria","GBIF:2335062"
"Cheilosia morio","GBIF:1540231"
"Stenotomus caprinus","GBIF:2392449"
"Lygephila pastinum","GBIF:4532405"
"Apamea sordens","GBIF:1796117"
"Orthosia cruda","GBIF:1798933"
"Noctua fimbriata","GBIF:1789745"
"Persicaria hydropiper","GBIF:8323622"
"Pleuronectes quadrituberculatus","GBIF:5213974"
"Fulica americana","GBIF:2474393"
"Hexagrammos decagrammus","GBIF:2336472"
"Sialia sialis","GBIF:2490941"
"Idaea seriata","GBIF:5147039"
"Abax parallelepipedus","GBIF:5754772"
"Sylvia atricapilla","GBIF:2492956"
"Parkesia noveboracensis","GBIF:6093856"
"Lagopus muta","GBIF:5227679"
"Pyrocephalus rubinus","GBIF:2483647"
"Taranucnus setosus","GBIF:2137245"
"Thyatira batis","GBIF:5142870"
"Corvus corone","GBIF:9409796"
"Idaea muricata","GBIF:5147062"
"Atheresthes stomias","GBIF:2409091"
"Sitta pusilla","GBIF:2484904"
"Scorpis lineolata","GBIF:2381262"
"Tautoga onitis","GBIF:2383615"
"Semotilus atromaculatus","GBIF:2360481"
"Ampelisca macrocephala","GBIF:2219419"
"Melanogrammus aeglefinus","GBIF:2415822"
"Erodium cicutarium","GBIF:9485490"
"Arenaria interpres","GBIF:2481776"
"Empidonax traillii","GBIF:2482786"
"Agrochola litura","GBIF:1789982"
"Eulithis prunata","GBIF:1965825"
"Ceratophyllum demersum","GBIF:2882398"
"Microstomus pacificus","GBIF:5214028"
"Festuca ovina","GBIF:2704951"
"Icterus spurius","GBIF:5229935"
"Syntomus foveatus","GBIF:4479890"
"Platycheirus granditarsis","GBIF:1543002"
"Seiurus aurocapilla","GBIF:2489590"
"Phalera bucephala","GBIF:5119245"
"Euthrix potatoria","GBIF:1734453"
"Baeolophus bicolor","GBIF:2487887"
"Sphagnum capillifolium","GBIF:8227194"
"Rhizosolenia imbricata","GBIF:5422006"
"Haematopus ostralegus","GBIF:7788295"
"Mergus serrator","GBIF:2498375"
"Abies balsamea","GBIF:2685383"
"Eumerus strigatus","GBIF:1534515"
"Psammodromus algirus","GBIF:2469763"
"Chaetura pelagica","GBIF:4409023"
"Callophrys rubi","GBIF:1932411"
"Philorhizus melanocephalus","GBIF:4480315"
"Heteropterus morpheus","GBIF:5141677"
"Sideridis rivularis","GBIF:4534052"
"Euproctis similis","GBIF:1821911"
"Eupithecia icterata","GBIF:1982500"
"Aira caryophyllea","GBIF:7747216"
"Agonum emarginatum","GBIF:5755060"
"Calathus erratus","GBIF:5755296"
"Etropus crossotus","GBIF:8123721"
"Alopecurus aequalis","GBIF:5290083"
"Spiza americana","GBIF:2490363"
"Charadrius morinellus","GBIF:2480281"
"Aythya ferina","GBIF:2498255"
"Contopus sordidulus","GBIF:5229754"
"Spinus tristis","GBIF:5231640"
"Anthus cervinus","GBIF:2490283"
"Betula papyrifera","GBIF:5332120"
"Lacanobia suasa","GBIF:4533952"
"Mythimna l album","GBIF:5772172"
"Ematurga atomaria","GBIF:1956440"
"Scopula immutata","GBIF:5145009"
"Philereme vetulata","GBIF:1959383"
"Miltochrista miniata","GBIF:1813114"
"Coccyzus americanus","GBIF:2496287"
"Hesperiphona vespertina","GBIF:2494324"
"Sebastes fasciatus","GBIF:10689065"
"Phylloscopus sibillatrix","GBIF:8128385"
"Pohlia nutans","GBIF:5282610"
"Melanerpes carolinus","GBIF:2478106"
"Sebastolobus alascanus","GBIF:2335323"
"Notomastus latericeus","GBIF:2318104"
"Apeira syringaria","GBIF:1962860"
"Melospiza melodia","GBIF:2492196"
"Campylorhynchus brunneicapillus","GBIF:5231474"
"Epirrita autumnata","GBIF:4523560"
"Idaea aversata","GBIF:5146559"
"Herminia grisealis","GBIF:5113078"
"Drepana falcataria","GBIF:5143129"
"Scolelepis bonnieri","GBIF:2321199"
"Bonasa umbellus","GBIF:2473702"
"Oligotrichum hercynicum","GBIF:2683049"
"Tarentola mauritanica","GBIF:2445034"
"Melanargia galathea","GBIF:7854318"
"Frangula alnus","GBIF:3039454"
"Abraxas sylvata","GBIF:1967815"
"Calathus rotundicollis","GBIF:5755451"
"Emberiza schoeniclus","GBIF:2491557"
"Limanda aspera","GBIF:5213950"
"Sitta canadensis","GBIF:2484879"
"Ennucula tenuis","GBIF:2285597"
"Paralithodes platypus","GBIF:2224357"
"Melanerpes formicivorus","GBIF:2478133"
"Anarhichas lupus","GBIF:8006460"
"Hypericum perforatum","GBIF:3189486"
"Phragmatobia fuliginosa","GBIF:1804071"
"Macaria notata","GBIF:5880550"
"Comibaena bajularia","GBIF:4523522"
"Pararge aegeria","GBIF:8049830"
"Eremophila alpestris","GBIF:9415596"
"Potamogeton gramineus","GBIF:5301183"
"Sorbus aucuparia","GBIF:3012167"
"Syrphus vitripennis","GBIF:1537212"
"Eumerus funeralis","GBIF:7198254"
"Vireo bellii","GBIF:2487441"
"Abraxas grossulariata","GBIF:1967873"
"Amphipoea oculea","GBIF:1771385"
"Lebbeus polaris","GBIF:2226328"
"Anchomenus dorsalis","GBIF:5754974"
"Plocamium cartilagineum","GBIF:5278595"
"Calanus hyperboreus","GBIF:5166405"
"Macaria liturata","GBIF:5880533"
"Oncorhynchus tshawytscha","GBIF:5204024"
"Ziziphus mucronata","GBIF:3875567"
"Boloria selene","GBIF:1912325"
"Emberiza citrinella","GBIF:2491534"
"Erithacus rubecula","GBIF:2492462"
"Neoascia podagrica","GBIF:1536796"
"Epirrhoe galiata","GBIF:1964637"
"Idaea emarginata","GBIF:5147245"
"Sebastes zacentrus","GBIF:2335429"
"Poecile rufescens","GBIF:2487783"
"Apamea anceps","GBIF:1796113"
"Watsonalla binaria","GBIF:1952806"
"Koeleria macrantha","GBIF:2705914"
"Platycheirus manicatus","GBIF:1543197"
"Strix uralensis","GBIF:2497509"
"Perisoreus canadensis","GBIF:2482436"
"Fagus sylvatica","GBIF:2882316"
"Passerina caerulea","GBIF:5230862"
"Cyanocitta cristata","GBIF:2482593"
"Chordeiles minor","GBIF:2497035"
"Episyrphus balteatus","GBIF:1536449"
"Scaeva pyrastri","GBIF:1537719"
"Emberiza rustica","GBIF:2491582"
"Regulus satrapa","GBIF:2484591"
"Rubus idaeus","GBIF:2993094"
"Sitta europaea","GBIF:2484916"
"Colias croceus","GBIF:5137612"
"Toxostoma curvirostre","GBIF:5231688"
"Prunus virginiana","GBIF:3022668"
"Arabidopsis thaliana","GBIF:3052436"
"Cyclophora punctaria","GBIF:5149665"
"Urophycis tenuis","GBIF:2415734"
"Piranga rubra","GBIF:2488485"
"Beringraja binoculata","GBIF:7913005"
"Dicranella heteromalla","GBIF:5281431"
"Harpalus tardus","GBIF:6097924"
"Pterostichus vernalis","GBIF:7975487"
"Platycheirus peltatus","GBIF:1543292"
"Tyrannus tyrannus","GBIF:5229688"
"Setophaga citrina","GBIF:6093374"
"Salix caprea","GBIF:5372952"
"Clymenella torquata","GBIF:5197206"
"Ilyanassa trivittata","GBIF:2303000"
"Galium verum","GBIF:9063248"
"Galium saxatile","GBIF:2914547"
"Pyronia tithonus","GBIF:7622059"
"Populus tremula","GBIF:3040249"
"Prunella modularis","GBIF:5231763"
"Echinocardium cordatum","GBIF:2278938"
"Grus canadensis","GBIF:2474953"
"Pitangus sulphuratus","GBIF:2482755"
"Platycheirus scutatus","GBIF:1543099"
"Bembidion tetracolum","GBIF:1035931"
"Syritta pipiens","GBIF:1544431"
"Cornus racemosa","GBIF:3082264"
"Earophila badiata","GBIF:1957012"
"Melanerpes uropygialis","GBIF:2478112"
"Sigambra tentaculata","GBIF:2316672"
"Pseudevernia furfuracea","GBIF:2605852"
"Hippoglossina oblonga","GBIF:2408805"
"Calanus helgolandicus","GBIF:5166394"
"Reinhardtius hippoglossoides","GBIF:2409383"
"Chordeiles acutipennis","GBIF:2497052"
"Eremobia ochroleuca","GBIF:5110670"
"Agrotis exclamationis","GBIF:1771214"
"Drymonia dodonaea","GBIF:5118896"
"Nebria brevicollis","GBIF:1035578"
"Limosa lapponica","GBIF:2481681"
"Corvus cornix","GBIF:2482515"
"Xanthoria parietina","GBIF:2609969"
"Eupeodes luniger","GBIF:1540875"
"Vireo olivaceus","GBIF:2487430"
"Betula pendula","GBIF:5331916"
"Cosmia trapezina","GBIF:1769566"
"Platycheirus clypeatus","GBIF:1543183"
"Junco hyemalis","GBIF:9362842"
"Pseudocaranx dentex","GBIF:2391175"
"Melanostoma mellinum","GBIF:5766554"
"Bartramia longicauda","GBIF:2481705"
"Pseudozizeeria maha","GBIF:1921150"
"Eupsilia transversa","GBIF:1758878"
"Lomographa bimaculata","GBIF:1986052"
"Lymantria monacha","GBIF:1820372"
"Chiasmia clathrata","GBIF:4525078"
"Peridea anceps","GBIF:1822346"
"Trachurus lathami","GBIF:5210468"
"Ostrya virginiana","GBIF:5332289"
"Chenopodium album","GBIF:3083838"
"Archilochus colubris","GBIF:5228514"
"Syrphus ribesii","GBIF:1537266"
"Lyopsetta exilis","GBIF:2409226"
"Meliscaeva auricollis","GBIF:1535529"
"Rhingia campestris","GBIF:1537412"
"Cheilosia pagana","GBIF:1539941"
"Catharus fuscescens","GBIF:2490804"
"Nephtys incisa","GBIF:2316952"
"Notodonta ziczac","GBIF:4534909"
"Lasiocampa quercus","GBIF:1734826"
"Scopula imitaria","GBIF:8014296"
"Angerona prunaria","GBIF:1965913"
"Betula alleghaniensis","GBIF:5331779"
"Setophaga petechia","GBIF:7341834"
"Sphaerophoria scripta","GBIF:1539177"
"Zonotrichia albicollis","GBIF:5231140"
"Eupeodes corollae","GBIF:1540742"
"Macrocystis pyrifera","GBIF:5422328"
"Kyphosus sydneyanus","GBIF:2381302"
"Notolabrus fucicola","GBIF:2383526"
"Opuntia engelmannii","GBIF:5384073"
"Boscia angustifolia","GBIF:5602553"
"Vachellia nilotica","GBIF:3974744"
"Vachellia tortilis","GBIF:3974700"
"Maerua angolensis","GBIF:7273321"
"Idaea dimidiata","GBIF:5146677"
"Scopula floslactata","GBIF:5145409"
"Limanda proboscidea","GBIF:5213962"
"Baetis rhodani","GBIF:4481106"
"Peromyscus maniculatus","GBIF:2437967"
"Myodes gapperi","GBIF:5706760"
"Napaeozapus insignis","GBIF:2439461"
"Hydnophora exesa","GBIF:2259533"
"Dipsastraea speciosa","GBIF:8400775"
"Scomber japonicus","GBIF:7599552"
"Sphyraena sphyraena","GBIF:2394271"
"Boops boops","GBIF:5210955"
"Fistularia petimba","GBIF:5200931"
"Maniola jurtina","GBIF:5135513"
"Patella vulgata","GBIF:5190391"
"Thymelicus lineola","GBIF:8133678"
"Merlangius merlangus","GBIF:2415788"
"Idotea balthica","GBIF:5176195"
"Arctia caja","GBIF:5115874"
"Diachrysia chrysitis","GBIF:1785888"
"Moma alpium","GBIF:1800004"
"Euplexia lucipara","GBIF:1776619"
"Lacanobia thalassina","GBIF:1759069"
"Autographa pulchrina","GBIF:1792411"
"Xanthia icteritia","GBIF:1771678"
"Dasypolia templi","GBIF:1769057"
"Mniotype adusta","GBIF:4533347"
"Noctua pronuba","GBIF:1789695"
"Euproctis chrysorrhoea","GBIF:1821856"
"Brachionycha nubeculosa","GBIF:1779435"
"Panolis flammea","GBIF:1793877"
"Autographa gamma","GBIF:1792418"
"Dysauxes ancilla","GBIF:1814630"
"Trachea atriplicis","GBIF:1760593"
"Lycophotia porphyrea","GBIF:1794590"
"Craniophora ligustri","GBIF:1791422"
"Xanthia togata","GBIF:1771698"
"Dypterygia scabriuscula","GBIF:1776862"
"Amphipoea lucens","GBIF:1771429"
"Abrostola triplasia","GBIF:1767597"
"Mesapamea secalis","GBIF:1788425"
"Acronicta rumicis","GBIF:1782672"
"Brachylomia viminalis","GBIF:1779690"
"Diarsia rubi","GBIF:4533446"
"Hoplodrina octogenaria","GBIF:4534290"
"Agrotis ipsilon","GBIF:1771245"
"Hypena proboscidalis","GBIF:1798807"
"Apamea remissa","GBIF:7438067"
"Lacanobia w latinum","GBIF:4533954"
"Plusia festucae","GBIF:1772179"
"Antitype chi","GBIF:1786902"
"Conistra vaccinii","GBIF:1768702"
"Cerastis rubricosa","GBIF:5110885"
"Diarsia mendica","GBIF:4533433"
"Macdunnoughia confusa","GBIF:1768117"
"Lacanobia oleracea","GBIF:1759083"
"Xestia c nigrum","GBIF:5714973"
"Apamea monoglypha","GBIF:1796145"
"Herminia tarsicrinalis","GBIF:5113084"
"Apamea crenata","GBIF:1796169"
"Diarsia brunnea","GBIF:4533431"
"Hydraecia micacea","GBIF:1796678"
"Bryophila domestica","GBIF:7981386"
"Orthosia gothica","GBIF:1798974"
"Cerapteryx graminis","GBIF:1763610"
"Cerastis leucographa","GBIF:5110871"
"Colocasia coryli","GBIF:5114198"
"Mythimna impura","GBIF:5772210"
"Ochropleura plecta","GBIF:1770477"
"Hada plebeja","GBIF:1761041"
"Diaphora mendica","GBIF:6097214"
"Apamea illyria","GBIF:4534485"
"Leucania comma","GBIF:5111574"
"Hadena capsincola","GBIF:1787841"
"Orthosia cerasi","GBIF:1798984"
"Callipepla gambelii","GBIF:5228072"
"Picoides dorsalis","GBIF:9543753"
"Catherpes mexicanus","GBIF:5231430"
"Aythya fuligula","GBIF:2498261"
"Locustella naevia","GBIF:2493548"
"Glycinde multidens","GBIF:2316509"
"Paraprionospio pinnata","GBIF:2321421"
"Glycera americana","GBIF:5195524"
"Nephtys picta","GBIF:2316959"
"Ampelisca abdita","GBIF:2219484"
"Edotia triloba","GBIF:2204911"
"Calliblepharis ciliata","GBIF:2667681"
"Fucus spiralis","GBIF:3196369"
"Laminaria hyperborea","GBIF:5422383"
"Ascophyllum nodosum","GBIF:3196524"
"Scytosiphon lomentaria","GBIF:5422803"
"Gelidium spinosum","GBIF:2662738"
"Hippoglossus hippoglossus","GBIF:2409218"
"Urophycis chuss","GBIF:2415718"
"Merluccius bilinearis","GBIF:2415637"
"Urophycis regia","GBIF:2415740"
"Zoarces americanus","GBIF:2380998"
"Paralichthys dentatus","GBIF:2408866"
"Chelon ramada","GBIF:9234296"
"Pomatoschistus minutus","GBIF:2379300"
"Stercorarius longicaudus","GBIF:2481613"
"Oligia fasciuncula","GBIF:1766510"
"Agrochola macilenta","GBIF:1790072"
"Pseudeustrotia candidula","GBIF:1799701"
"Idaea trigeminata","GBIF:5147232"
"Drymonia ruficornis","GBIF:5118892"
"Thera britannica","GBIF:5148424"
"Sabra harpagula","GBIF:1952449"
"Agriopis marginaria","GBIF:5769068"
"Scopula virgulata","GBIF:5145269"
"Athetis gluteosa","GBIF:1787213"
"Euphyia biangulata","GBIF:1965208"
"Eupithecia distinctaria","GBIF:1983535"
"Tautogolabrus adspersus","GBIF:2382945"
"Chiasmodon niger","GBIF:2394676"
"Volucella pellucens","GBIF:1541799"
"Melanostoma scalare","GBIF:5766556"
"Leuconotopicus villosus","GBIF:9192501"
"Quercus rubra","GBIF:2880539"
"Cladium mariscus","GBIF:2731327"
"Plebejus argus","GBIF:5138561"
"Apamea lithoxylaea","GBIF:4534486"
"Clostera curtula","GBIF:1822796"
"Amphipoea crinanensis","GBIF:1771391"
"Spilosoma lubricipeda","GBIF:1811896"
"Zenaida macroura","GBIF:2495347"
"Oxyurostylis smithi","GBIF:2214592"
"Sphagnum girgensohnii","GBIF:2669241"
"Bembidion guttula","GBIF:1036154"
"Calidris canutus","GBIF:2481765"
"Pleurozium schreberi","GBIF:2679715"
"Megaceryle alcyon","GBIF:2475472"
"Kurtiella bidentata","GBIF:4371646"
"Dryocopus pileatus","GBIF:5228824"
"Calliteara pudibunda","GBIF:1819145"
"Phibalapteryx virgata","GBIF:4524393"
"Halopteris filicina","GBIF:5423671"
"Zanclognatha lunalis","GBIF:4532508"
"Pluvialis squatarola","GBIF:2480327"
"Eristalis tenax","GBIF:1541217"
"Aplodactylus arctidens","GBIF:2394719"
"Epistrophe nitidicollis","GBIF:5766579"
"Allium oleraceum","GBIF:2857071"
"Acteocina canaliculata","GBIF:2291631"
"Callipepla californica","GBIF:5228080"
"Polyommatus icarus","GBIF:5140214"
"Delesseria sanguinea","GBIF:2661972"
"Fucus serratus","GBIF:3196437"
"Saccharina latissima","GBIF:4377207"
"Merodon equestris","GBIF:1544340"
"Nucula proxima","GBIF:2285569"
"Mergus merganser","GBIF:9537647"
"Charadrius hiaticula","GBIF:9566659"
"Sternula albifrons","GBIF:5789279"
"Melanitta fusca","GBIF:2498238"
"Citharichthys arctifrons","GBIF:2408719"
"Leistus spinibarbis","GBIF:4473903"
"Egira conspicillaris","GBIF:1792061"
"Parectropis similaria","GBIF:1958024"
"Hemithea aestivaria","GBIF:1991371"
"Idaea biselata","GBIF:5146961"
"Phigalia pilosaria","GBIF:4524740"
"Epistrophe eligans","GBIF:5766577"
"Colaptes auratus","GBIF:2478259"
"Cheilosia vernalis","GBIF:1539991"
"Anchoa hepsetus","GBIF:2413913"
"Charadrius dubius","GBIF:7937336"
"Selenia lunularia","GBIF:1962268"
"Ecliptopera silaceata","GBIF:1978445"
"Agrochola lota","GBIF:1790084"
"Upeneus parvus","GBIF:2396783"
"Platycheirus albimanus","GBIF:4516769"
"Leptoclinus maculatus","GBIF:2394832"
"Lestes sponsa","GBIF:1424038"
"Phoebastria nigripes","GBIF:2481383"
"Neocnemodon vitripennis","GBIF:8223744"
"Falcaria lacertinaria","GBIF:1952014"
"Lacinius ephippiatus","GBIF:4553401"
"Cuculus optatus","GBIF:5231898"
"Poecilus cupreus","GBIF:5753697"
"Poecilochaetus serpens","GBIF:2321590"
"Vitis riparia","GBIF:5372385"
"Pheosia gnoma","GBIF:1825971"
"Pheosia tremula","GBIF:1825983"
"Helophilus pendulus","GBIF:5071352"
"Dilsea carnosa","GBIF:2667034"
"Placopecten magellanicus","GBIF:2285952"
"Toxicodendron radicans","GBIF:3190628"
"Coenonympha pamphilus","GBIF:1911461"
"Aegolius funereus","GBIF:5739298"
"Anthus petrosus","GBIF:2490275"
"Populus grandidentata","GBIF:3040210"
"Colias hyale","GBIF:5137706"
"Colotois pennaria","GBIF:1968867"
"Turdus viscivorus","GBIF:2490774"
"Pieris napi","GBIF:1920494"
"Gymnura altavela","GBIF:5216232"
"Amusium papyraceum","GBIF:2285967"
"Aquila chrysaetos","GBIF:2480506"
"Picus canus","GBIF:2478548"
"Micropterus dolomieu","GBIF:5211250"
"Malacoraja senta","GBIF:2419827"
"Aspitates ochrearia","GBIF:1967265"
"Eupithecia subfuscata","GBIF:1983260"
"Corvus brachyrhynchos","GBIF:2482507"
"Demetrias atricapillus","GBIF:5757310"
"Calathus fuscipes","GBIF:4988363"
"Arctica islandica","GBIF:5189341"
"Dasysyrphus albostriatus","GBIF:1542111"
"Skeletonema costatum","GBIF:3193374"
"Ambloplites rupestris","GBIF:2394514"
"Aphantopus hyperantus","GBIF:1896841"
"Aplocera efformata","GBIF:1984954"
"Orthosia miniosa","GBIF:1799132"
"Lumpenus lampretaeformis","GBIF:5211321"
"Stephanolepis hispidus","GBIF:5213455"
"Hippoglossoides robustus","GBIF:2409099"
"Ctenodiscus crispatus","GBIF:2270545"
"Stenolophus mixtus","GBIF:5755952"
"Poecilocampa populi","GBIF:1732063"
"Harpalus rubripes","GBIF:5873218"
"Haemorhous cassinii","GBIF:8255548"
"Phaxas pellucidus","GBIF:2287245"
"Eristalis nemorum","GBIF:6098383"
"Recurvirostra americana","GBIF:2480258"
"Chrysotoxum festivum","GBIF:4516839"
"Alcis repandata","GBIF:5143380"
"Alitta succinea","GBIF:2315382"
"Pyrrhosoma nymphula","GBIF:1423540"
"Coenagrion hastulatum","GBIF:1422001"
"Tringa ochropus","GBIF:2481728"
"Gonepteryx rhamni","GBIF:1920712"
"Idaea straminata","GBIF:5147208"
"Notodonta dromedarius","GBIF:1825077"
"Agelaius tricolor","GBIF:2484445"
"Platynus assimilis","GBIF:8137203"
"Rissa tridactyla","GBIF:2481205"
"Pieris brassicae","GBIF:1920506"
"Phlogophora meticulosa","GBIF:1782560"
"Xanthorhoe spadicearia","GBIF:1986166"
"Allophyes oxyacanthae","GBIF:4534719"
"Graphium sarpedon","GBIF:5141212"
"Trichiurus lepturus","GBIF:2389407"
"Ptychadena mascareniensis","GBIF:2428925"
"Heliophanus cupreus","GBIF:2171923"
"Tellimya ferruginosa","GBIF:2287221"
"Chesias legatella","GBIF:1962990"
"Pectinaria gouldii","GBIF:5198816"
"Hypomecis punctinalis","GBIF:4524638"
"Polygonia c album","GBIF:1898544"
"Oxylebius pictus","GBIF:2336510"
"Hypogymnia physodes","GBIF:7247635"
"Phoenicurus ochruros","GBIF:5739315"
"Coenagrion puella","GBIF:1421964"
"Pachygnatha degeeri","GBIF:5170070"
"Engraulis mordax","GBIF:2414024"
"Crepidula fornicata","GBIF:5192789"
"Chthamalus stellatus","GBIF:2115620"
"Phyllodoce rosea","GBIF:5195062"
"Enallagma cyathigerum","GBIF:5051273"
"Rheumaptera undulata","GBIF:1977003"
"Leiostomus xanthurus","GBIF:5212294"
"Eupithecia tripunctaria","GBIF:1983705"
"Calanus finmarchicus","GBIF:5166399"
"Eupeodes latifasciatus","GBIF:1540691"
"Paragus haemorrhous","GBIF:1535781"
"Vanessa cardui","GBIF:4299368"
"Polytrichum formosum","GBIF:4280088"
"Gymnelus viridis","GBIF:2380942"
"Abra prismatica","GBIF:5189053"
"Rhinoptera bonasus","GBIF:5215777"
"Myliobatis freminvillei","GBIF:2419292"
"Uria aalge","GBIF:2481342"
"Parascotia fuliginaria","GBIF:1780150"
"Xestia triangulum","GBIF:5772351"
"Lepomis gibbosus","GBIF:2394486"
"Archilochus alexandri","GBIF:5228513"
"Bathytoshia centroura","GBIF:9363791"
"Luxilus cornutus","GBIF:2366967"
"Scorpaenichthys marmoratus","GBIF:5201222"
"Aglais urticae","GBIF:1894840"
"Amphiura filiformis","GBIF:2277820"
"Thalera fimbrialis","GBIF:1963306"
"Mustelus canis","GBIF:2418312"
"Cylichna cylindracea","GBIF:2291593"
"Nephtys longosetosa","GBIF:2317019"
"Spizelloides arborea","GBIF:7357320"
"Ampelisca tenuicornis","GBIF:2219387"
"Platycheirus angustatus","GBIF:1543227"
"Sabellaria vulgaris","GBIF:5199263"
"Lanice conchilega","GBIF:2325106"
"Chlamys islandica","GBIF:5188891"
"Rhytidiadelphus loreus","GBIF:2679711"
"Locustella fluviatilis","GBIF:2493549"
"Phorcus lineatus","GBIF:7992320"
"Chrysotoxum verralli","GBIF:1535909"
"Chionoecetes opilio","GBIF:2226639"
"Polytrichum commune","GBIF:2683084"
"Gymnoscelis rufifasciata","GBIF:1992066"
"Tympanuchus cupido","GBIF:2473510"
"Alcedo atthis","GBIF:2475532"
"Glycera alba","GBIF:5195463"
"Carabus problematicus","GBIF:4470555"
"Stercorarius parasiticus","GBIF:2481621"
"Ficedula parva","GBIF:2492605"
"Glycinde nordmanni","GBIF:2316513"
"Epione repandaria","GBIF:1975546"
"Vanessa atalanta","GBIF:1898286"
"Plagodis dolabraria","GBIF:1959914"
"Elaphria venustula","GBIF:1780378"
"Nola cucullatella","GBIF:1801896"
"Brachythecium rutabulum","GBIF:2679898"
"Xestia castanea","GBIF:5112336"
"Dumontia contorta","GBIF:5279349"
"Chamelea gallina","GBIF:2287705"
"Adalia bipunctata","GBIF:1043097"
"Lymantria dispar","GBIF:1820406"
"Pardosa purbeckensis","GBIF:6098909"
"Pterostichus strenuus","GBIF:7508714"
"Callinectes sapidus","GBIF:2225646"
"Araschnia levana","GBIF:1902533"
"Deltote pygarga","GBIF:4532890"
"Electrophaes corylata","GBIF:1976163"
"Micropogonias undulatus","GBIF:2399874"
"Eupithecia dodoneata","GBIF:1983442"
"Penaeus setiferus","GBIF:2223875"
"Hypocenomyce scalaris","GBIF:3434172"
"Acanthodactylus erythrurus","GBIF:5226733"
"Notropis atherinoides","GBIF:2362170"
"Habrosyne pyritoides","GBIF:1952062"
"Desmarestia ligulata","GBIF:5423338"
"Operophtera brumata","GBIF:1972449"
"Leucoraja garmani","GBIF:2419858"
"Charadrius leschenaultii","GBIF:2480297"
"Turdus migratorius","GBIF:9510564"
"Lomaspilis marginata","GBIF:5149438"
"Lampropteryx suffumata","GBIF:4524072"
"Laspeyria flexula","GBIF:1769103"
"Acupalpus dubius","GBIF:4475677"
"Sebastes paucispinis","GBIF:2335466"
"Crex crex","GBIF:4408498"
"Trichodon trichodon","GBIF:5210437"
"Chromis punctipinnis","GBIF:5212202"
"Hydrocoloeus minutus","GBIF:6065841"
"Coturnix coturnix","GBIF:2474156"
"Idaea fuscovenosa","GBIF:5147193"
"Eupithecia pusillata","GBIF:1982541"
"Hippodamia variegata","GBIF:1043082"
"Epirrita dilutata","GBIF:4523564"
"Mytilus edulis","GBIF:8288896"
"Phycis chesteri","GBIF:5214921"
"Cyanocorax yncas","GBIF:2482565"
"Xestia baja","GBIF:5112291"
"Eupithecia nanata","GBIF:8015895"
"Stercorarius skua","GBIF:2481618"
"Loricera pilicornis","GBIF:1035290"
"Phrurolithus festivus","GBIF:2148794"
"Robertus lividus","GBIF:2155895"
"Cabera exanthemata","GBIF:5143675"
"Meganola albula","GBIF:4534767"
"Calophasia lunula","GBIF:1796463"
"Ixoreus naevius","GBIF:2490926"
"Corylus americana","GBIF:2876060"
"Prunus serotina","GBIF:3021850"
"Lagodon rhomboides","GBIF:2392516"
"Echinocyamus pusillus","GBIF:2279077"
"Oligia versicolor","GBIF:1766418"
"Photedes minima","GBIF:1792383"
"Pleuronectes platessa","GBIF:7700106"
"Poecilus versicolor","GBIF:5753720"
"Cyanocitta stelleri","GBIF:2482598"
"Amphipyra pyramidea","GBIF:1766137"
"Enoplognatha ovata","GBIF:2158077"
"Dicranodontium denudatum","GBIF:2675239"
"Pomatomus saltatrix","GBIF:5208090"
"Xanthorhoe designata","GBIF:1986575"
"Quiscalus mexicanus","GBIF:9476062"
"Libythea lepita","GBIF:1909865"
"Orthosia incerta","GBIF:1799135"
"Eupithecia absinthiata","GBIF:1983896"
"Hypanus americanus","GBIF:9335213"
"Anser anser","GBIF:2498036"
"Xanthorhoe fluctuata","GBIF:1986157"
"Thera obeliscata","GBIF:5148487"
"Pardosa amentata","GBIF:2146241"
"Agrochola circellaris","GBIF:1790160"
"Nephtys hombergii","GBIF:2317011"
"Ampelisca brevicornis","GBIF:2219446"
"Helicoverpa armigera","GBIF:8108800"
"Silene latifolia","GBIF:5384805"
"Sardinops sagax","GBIF:2412583"
"Icterus cucullatus","GBIF:5229882"
"Sphoeroides maculatus","GBIF:2407857"
"Oedothorax apicatus","GBIF:2136050"
"Erigone dentipalpis","GBIF:2137716"
"Campaea margaritaria","GBIF:1978776"
"Amaurobius fenestralis","GBIF:2141571"
"Agonum thoreyi","GBIF:4988447"
"Alces alces","GBIF:2440940"
"Papilio protenor","GBIF:1938052"
"Phyllodoce groenlandica","GBIF:5195037"
"Sphyrapicus thyroideus","GBIF:2478602"
"Erannis defoliaria","GBIF:1956599"
"Eupithecia pulchellata","GBIF:1983000"
"Circus aeruginosus","GBIF:2480482"
"Anticlea derivata","GBIF:1975793"
"Fabulina fabula","GBIF:2286847"
"Microgadus proximus","GBIF:2415888"
"Micropterus salmoides","GBIF:2394563"
"Penaeus aztecus","GBIF:2223840"
"Pygaera timon","GBIF:7875265"
"Westwoodilla caecula","GBIF:2218827"
"Semibalanus balanoides","GBIF:2115784"
"Clubiona phragmitis","GBIF:2144109"
"Eupithecia vulgata","GBIF:1982542"
"Celaena haworthii","GBIF:4534463"
"Lunella coronata","GBIF:5724158"
"Ophiodon elongatus","GBIF:2336521"
"Selenia dentaria","GBIF:1962204"
"Pardosa saltans","GBIF:2146075"
"Notiophilus germinyi","GBIF:6097896"
"Chloroclysta miata","GBIF:1963463"
"Agriopis aurantiaria","GBIF:5769072"
"Eupithecia abbreviata","GBIF:1984117"
"Sprattus sprattus","GBIF:2413452"
"Agonum fuliginosum","GBIF:5755079"
"Fulmarus glacialis","GBIF:2481433"
"Pandalus goniurus","GBIF:2222357"
"Lagocephalus laevigatus","GBIF:2407750"
"Arcuatula senhousia","GBIF:6531311"
"Eupithecia tantillaria","GBIF:1982636"
"Bembidion assimile","GBIF:5872148"
"Calathus melanocephalus","GBIF:4988354"
"Palliduphantes ericaeus","GBIF:2135753"
"Hyas coarctatus","GBIF:2226649"
"Scoloplos armiger","GBIF:2319789"
"Tethea or","GBIF:5142971"
"Lomographa temerata","GBIF:1986056"
"Colostygia multistrigaria","GBIF:1988602"
"Ceratinella brevipes","GBIF:2138356"
"Leuctra hippopus","GBIF:2001976"
"Centropristis striata","GBIF:2387483"
"Regulus ignicapilla","GBIF:6093527"
"Levinsenia gracilis","GBIF:5197144"
"Diarsia dahlii","GBIF:4533444"
"Poecile gambeli","GBIF:2487825"
"Nucifraga caryocatactes","GBIF:2482613"
"Erigone longipalpis","GBIF:2137735"
"Micaria pulicaria","GBIF:5168243"
"Bryoria fuscescens","GBIF:2606557"
"Xysticus cristatus","GBIF:2165052"
"Odontopera bidentata","GBIF:1990066"
"Chthamalus montagui","GBIF:2115617"
"Calidris alpina","GBIF:2481759"
"Charadrius mongolus","GBIF:9722670"
"Amara convexior","GBIF:4472897"
"Chloroclysta siterata","GBIF:1963446"
"Eulithis pyraliata","GBIF:1965841"
"Steromphala umbilicalis","GBIF:9471950"
"Owenia fusiformis","GBIF:5199345"
"Leptagonus decagonus","GBIF:2337186"
"Harpactea hombergi","GBIF:2139120"
"Champia parvula","GBIF:2663441"
"Amphictene auricoma","GBIF:2324222"
"Ophelina acuminata","GBIF:5197511"
"Eopsetta jordani","GBIF:2409237"
"Platismatia glauca","GBIF:2605342"
"Lepomis macrochirus","GBIF:2394503"
"Hoplodrina ambigua","GBIF:1784853"
"Diplocirrus glaucus","GBIF:2325554"
"Conisania luteago","GBIF:4534011"
"Sebastes pinniger","GBIF:2335525"
"Tachybaptus ruficollis","GBIF:2482048"
"Larimus fasciatus","GBIF:2399924"
"Piranga ludoviciana","GBIF:2488484"
"Bathyphantes approximatus","GBIF:2134053"
"Schrankia costaestrigalis","GBIF:5113036"
"Morus bassanus","GBIF:2480964"
"Orthopristis chrysoptera","GBIF:2382797"
"Aonides paucibranchiata","GBIF:2321037"
"Chondrus crispus","GBIF:5279115"
"Merluccius productus","GBIF:2415676"
"Entelecara erythropus","GBIF:2137323"
"Padina pavonica","GBIF:3200186"
"Mythimna albipuncta","GBIF:5772178"
"Pheucticus melanocephalus","GBIF:2490487"
"Myiarchus tyrannulus","GBIF:2483589"
"Clubiona comta","GBIF:2144290"
"Idaea rusticata","GBIF:5147478"
"Charadrius semipalmatus","GBIF:2480295"
"Chaetozone setosa","GBIF:2323974"
"Chilomycterus schoepfii","GBIF:2406494"
"Nezumia bairdii","GBIF:2416930"
"Vireo plumbeus","GBIF:9353154"
"Glycera lapidum","GBIF:5195441"
"Anobothrus gracilis","GBIF:2325777"
"Caranx hippos","GBIF:2390778"
"Leptorhoptrum robustum","GBIF:2134514"
"Nola confusalis","GBIF:4534782"
"Eupithecia exiguata","GBIF:8262357"
"Leuctra fusca","GBIF:2001954"
"Xestia sexstrigata","GBIF:5112155"
"Dismodicus bifrons","GBIF:2134165"
"Myadestes townsendi","GBIF:2490849"
"Sardinella aurita","GBIF:2412864"
"Eutrigla gurnardus","GBIF:2336597"
"Syntomus obscuroguttatus","GBIF:4479895"
"Parmeliopsis ambigua","GBIF:2605814"
"Aporophyla lutulenta","GBIF:7940157"
"Himanthalia elongata","GBIF:3197836"
"Ammodytes dubius","GBIF:2389990"
"Phalacrocorax brasilianus","GBIF:9399113"
"Goniada maculata","GBIF:2316603"
"Phalacrocorax auritus","GBIF:2481875"
"Noctua janthina","GBIF:1789783"
"Papilio memnon","GBIF:1937892"
"Conistra rubiginosa","GBIF:1768749"
"Paracolax tristalis","GBIF:4532516"
"Prionotus evolans","GBIF:5201545"
"Aplocera praeformata","GBIF:1984949"
"Kaestneria pullata","GBIF:2137975"
"Apis mellifera","GBIF:1341976"
"Isias clavipes","GBIF:5166385"
"Pelvetia canaliculata","GBIF:3196499"
"Notiophilus palustris","GBIF:8264200"
"Clubiona stagnatilis","GBIF:2143910"
"Walckenaeria nudipalpis","GBIF:2134741"
"Ameiurus nebulosus","GBIF:2340989"
"Tenuiphantes tenuis","GBIF:2135959"
"Synaphobranchus kaupii","GBIF:2402847"
"Salmo trutta","GBIF:8215487"
"Hypnea musciformis","GBIF:9802728"
"Lagis koreni","GBIF:2324317"
"Bathyphantes parvulus","GBIF:2134110"
"Halobaena caerulea","GBIF:2481597"
"Ischnura elegans","GBIF:1423395"
"Oncorhynchus keta","GBIF:5204014"
"Centromerita bicolor","GBIF:2138915"
"Erigone arctica","GBIF:2137723"
"Bathyphantes gracilis","GBIF:2134068"
"Littorina saxatilis","GBIF:8116657"
"Nucella lapillus","GBIF:5193449"
"Centropages hamatus","GBIF:2114723"
"Pterostichus diligens","GBIF:7873810"
"Nycteola revayana","GBIF:5114327"
"Piratula hygrophila","GBIF:8327349"
"Micrargus herbigradus","GBIF:2135263"
"Walckenaeria acuminata","GBIF:2134735"
"Glaucomys volans","GBIF:2437338"
"Peromyscus leucopus","GBIF:2438019"
"Enchelyopus cimbrius","GBIF:5214892"
"Noctua comes","GBIF:1789730"
"Citharichthys sordidus","GBIF:2408726"
"Coryphaenoides rupestris","GBIF:5215150"
"Alopecosa pulverulenta","GBIF:2147438"
"Oedothorax retusus","GBIF:2136022"
"Buglossidium luteum","GBIF:2409909"
"Xestia xanthographa","GBIF:5112283"
"Gongylidiellum vivum","GBIF:2137419"
"Anguilla anguilla","GBIF:5212973"
"Palmaria palmata","GBIF:7843860"
"Lophomma punctatum","GBIF:2138856"
"Tyta luctuosa","GBIF:1790692"
"Centromerus sylvaticus","GBIF:2138546"
"Callionymus lyra","GBIF:2386906"
"Agyneta decora","GBIF:2135684"
"Pterostichus niger","GBIF:9314786"
"Arenaria melanocephala","GBIF:5229406"
"Bembidion mannerheimii","GBIF:6097867"
"Hypomma bituberculatum","GBIF:5168403"
"Sabinea septemcarinata","GBIF:5178293"
"Allomengea scopigera","GBIF:2135177"
"Salmo salar","GBIF:7595433"
"Autographa bractea","GBIF:1792414"
"Mythimna conigera","GBIF:5772199"
"Chloroclystis v ata","GBIF:1989428"
"Antistea elegans","GBIF:2142065"
"Charanyca ferruginea","GBIF:4534299"
"Turdus grayi","GBIF:2490716"
"Branta bernicla","GBIF:5232446"
"Pachygnatha clercki","GBIF:5170066"
"Pardosa nigriceps","GBIF:2146194"
"Scopula nigropunctata","GBIF:5144677"
"Pterostichus rhaeticus","GBIF:8417764"
"Ceratinella brevis","GBIF:2138341"
"Raja miraletus","GBIF:5216033"
"Meleagris gallopavo","GBIF:9606290"
"Oedothorax fuscus","GBIF:2136031"
"Agroeca proxima","GBIF:2140934"
"Pardosa pullata","GBIF:2146260"
"Pirata piraticus","GBIF:2146739"
"Macrourus berglax","GBIF:5215147"
"Erigone atra","GBIF:2137734"
"Circus pygargus","GBIF:2480495"
"Deileptenia ribeata","GBIF:1978821"
"Haliaeetus albicilla","GBIF:2480449"
"Thetidia smaragdaria","GBIF:1957300"
"Colobochyla salicalis","GBIF:1764531"
"Recurvirostra avosetta","GBIF:2480259"
"Trichoniscus pusillus","GBIF:2207872"
"Antimora rostrata","GBIF:2417115"
"Lycaena virgaureae","GBIF:1929659"
"Noctiluca scintillans","GBIF:8063862"
"Walckenaeria kochi","GBIF:2134774"
"Ozyptila trux","GBIF:2166686"
"Robertus arundineti","GBIF:2155881"
"Zeus faber","GBIF:7744449"
"Batillaria cumingii","GBIF:6497271"
"Sebastes elongatus","GBIF:2335441"
"Cyclopterus lumpus","GBIF:5962255"
"Sebastes crameri","GBIF:2335443"
"Anarhichas minor","GBIF:2392194"
"Symphodus roissali","GBIF:2384006"
"Lithophane leautieri","GBIF:1759673"
"Lithognathus mormyrus","GBIF:2392647"
"Daption capense","GBIF:2481545"
"Amphipyra perflua","GBIF:1766131"
"Centropages chierchiae","GBIF:2114729"
"Temora stylifera","GBIF:5166380"
"Sebastes flavidus","GBIF:2335500"
"Girella tricuspidata","GBIF:2381233"
"Pterostichus nigrita","GBIF:7708350"
"Bathytoshia brevicaudata","GBIF:2419488"
"Sterna forsteri","GBIF:5229247"
"Emiliania huxleyi","GBIF:5423960"
"Oligolophus tridens","GBIF:4553538"
"Calanoides carinatus","GBIF:2114946"
"Dicentrarchus labrax","GBIF:2394622"
"Diplodus cervinus","GBIF:5712108"
"Syngnathus acus","GBIF:2332927"
"Mytilus galloprovincialis","GBIF:2285683"
"Atherina presbyter","GBIF:2411945"
"Anarhichas denticulatus","GBIF:2392210"
"Entosphenus tridentatus","GBIF:2421422"
"Vulpes vulpes","GBIF:5219243"
"Chelidonichthys lucerna","GBIF:2336774"
"Zenopsis conchifer","GBIF:2415247"
